Episode Number,Pitch Number,Brand,Idea,Category,City,state,Investment Amount,Investment Amount(lakhs),Debt (In lakhs INR),Equity,Anupam,Ashneer,Namita,Aman,Peyush,Vineeta,Ghazal,Total investers,Investment per head,Equity per head,Valuation,,longitude,latitude,,city,lat,lng
1,1,BluePine Industries,Frozen Momos,Food and beverages,Faridabad,Haryana,75,7500000,0,18%,0,1,0,1,0,1,0,3,2500000,6%,"4,16,66,667",,20,73.7833,,Delhi,28.66,77.23
1,2,Booz scooters,Renting e-bike for mobility in private spaces,Automotive,Ahmedabad,Gujrat,40,4000000,0,50%,0,1,0,0,0,1,0,2,2000000,25%,"80,00,000",,23.03,72.58,,Mumbai,18.9667,72.8333
1,3,Heart up my Sleeves,Detachable Sleeves,Fashion,Delhi,Delhi,25,2500000,0,30%,1,0,0,0,0,1,0,2,1250000,15%,"83,33,333",,28.66,77.23,,Kolkata,22.5411,88.3378
2,4,Tagz Foods,Healthy Potato Chips,Food and beverages,Bangalore,Karnataka,70,7000000,0,2.75%,0,1,0,0,0,0,0,1,7000000,3%,"25,45,45,455",100000,12.9699,77.598,,Bangalore,12.9699,77.598
2,5,Head and Heart,Brain Development Course,Education,Patiala,Punjab,0,0,0,0,0,0,0,0,0,0,0,0,#DIV/0!,0%,,,30.3204,76.385,,Chennai,13.0825,80.275
2,6,Agro tourism,Tourism,Tourism,Pune,Maharashtra,0,0,0,0,0,0,0,0,0,0,0,0,#DIV/0!,0%,,,18.5196,73.8553,,Hyderabad,17.3667,78.4667
3,7,Qzense Labs,Food Freshness Detector,Food and beverages,Bangalore,Karnataka,0,0,0,0,0,0,0,0,0,0,0,0,#DIV/0!,0%,,,12.9699,77.598,,Pune,18.5196,73.8553
3,8,Peeschute,Disposable Urine Bag,,Jalna,Maharashtra,75,7500000,0,6%,0,0,0,1,0,0,0,1,7500000,6%,"12,50,00,000",,,,,Ahmedabad,23.03,72.58
3,9,NOCD,Energy Drink,Food and beverages,Bangalore,Karnataka,20,2000000,30,15%,0,0,0,0,0,1,0,1,2000000,15%,"1,33,33,333",,12.9699,77.598,,S?rat,21.17,72.83
4,10,Cosiq,Intelligent Skincare,Cosmetics,Kolkata,West Bengal,50,5000000,0,25%,1,0,0,0,0,1,0,2,2500000,13%,"2,00,00,000",,22.5411,88.3378,,Lucknow,26.847,80.947
4,11,JhaJi Achaar,Pickle,Food and beverages,Darbhanga,Darbhanga,0,0,0,0,0,0,0,0,0,0,0,0,#DIV/0!,0%,,,#N/A,,,Jaipur,26.9167,75.8667
4,12,Bummer,Underwear,Fashion,Ahmedabad,Gujrat,75,7500000,0,7.50%,0,0,1,1,0,0,0,2,3750000,4%,"10,00,00,000",,23.03,72.58,,Cawnpore,26.4725,80.3311
5,13,Revamp Moto,E-Bike,Automotive,Nasik,Maharashtra,10,1000000,0,1.50%,1,0,0,1,0,0,0,2,500000,1%,"6,66,66,667",,20,73.7833,,Mirzapur,25.15,82.58
5,14,Hungry Heads,Restaurant serving 80 types of Maggi,Food and beverages,Mumbai,Maharashtra,0,0,0,0,0,0,0,0,0,0,0,0,#DIV/0!,0%,,,18.9667,72.8333,,Nagpur,21.1539,79.0831
5,15,Shrawani Engineers,Belly Button Shaper,Fashion,Nagpur,Maharashtra,0,0,0,0,0,0,0,0,0,0,0,0,#DIV/0!,0%,,,21.1539,79.0831,,Ghaziabad,28.6667,77.4167
6,16,Skippi Pops,Ice-Pops,Food and beverages,Hyderabad,Telangana,10,1000000,0,15%,1,1,1,1,0,1,0,5,200000,3%,"66,66,667",,17.3667,78.4667,,Indore,22.7206,75.8472
6,17,Menstrupedia,Menstrual Awareness Comic,Education,Ahmedabad,Gujrat,50,5000000,0,20%,0,0,1,0,0,0,0,1,5000000,20%,"2,50,00,000",,23.03,72.58,,Vadodara,22.3,73.2
6,18,Hecolll,Pollution Resistant Fabric,Fashion,Hyderabad,Telangana,0,0,0,0,0,0,0,0,0,0,0,0,#DIV/0!,0%,,,17.3667,78.4667,,Vishakhapatnam,17.7333,83.3167
7,19,Raising Superstars,Child Development App,Education,Mumbai,Maharashtra,10,1000000,0,4%,0,1,0,1,0,0,0,2,500000,2%,"2,50,00,000",,18.9667,72.8333,,Bhopal,23.25,77.4167
7,20,Torch-it,Gadgets for visually impaired people,Education,Ahmedabad,Gujrat,0,0,0,0,0,0,0,0,0,0,0,0,#DIV/0!,0%,,,23.03,72.58,,Chinchvad,18.6278,73.8131
7,21,La Kheer Deli,Kheer in variety of flavors,Food and beverages,Pune,Maharashtra,0,0,0,0,0,0,0,0,0,0,0,0,#DIV/0!,0%,,,18.5196,73.8553,,Patna,25.61,85.1414
8,22,Beyond Snack,Kerala Banana Chips,Food and beverages,Alappuzha,Kerala,50,5000000,0,2.50%,0,1,0,1,0,0,0,2,2500000,1%,"20,00,00,000",,#N/A,#N/A,,Ludhiana,30.9083,75.8486
8,23,Vivalyf Innovations- Easy Life,Prickless Diabetes Testing Machine,Healthcare,Hyderabad,Telangana,56,5600000,0,33.30%,1,0,0,0,1,0,0,2,2800000,17%,"1,68,16,817",,17.3667,78.4667,,agra,27.18,78.02
8,24,Motion Breeze,Smart Electric Motorcycle,Automotive,Vadodara,Gujrat,30,3000000,0,6%,0,1,0,0,0,0,0,1,3000000,6%,"5,00,00,000",,22.3,73.2,,Kalyan,19.2502,73.1602
9,25,Altor,Smart Helmets,Electronics,Kolkata,West Bengal,50,5000000,0,7%,0,0,1,1,0,0,0,2,2500000,4%,"7,14,28,571",,22.5411,88.3378,,Madurai,9.9197,78.1194
9,26,Ariro,Wooden Toys,Toys,Chennai,Tamil Nadu,50,5000000,0,10%,0,0,0,1,1,0,0,2,2500000,5%,"5,00,00,000",,13.0825,80.275,,Jamshedpur,22.8,86.1833
9,27,Kabira Handmade,Healthy Oils,Food and beverages,Jaipur,Rajasthan,0,0,0,0,0,0,0,0,0,0,0,0,#DIV/0!,0%,,,26.9167,75.8667,,Nasik,20,73.7833
10,28,Nuutjob,Male Intimate Hygiene,Cosmetcis,Naranpura,Gujrat,25,2500000,0,20%,0,0,1,1,1,0,0,3,833333.3333,7%,"1,25,00,000",,#N/A,#N/A,,Far?dabad,28.4333,77.3167
10,29,Meatyour,Eggs,Food and beverages,Pune,Maharashtra,30,3000000,0,20%,1,0,0,1,1,0,0,3,1000000,7%,"1,50,00,000",,18.5196,73.8553,,Aurangabad,19.88,75.32
10,30,EventBeep,Student Community App,Education,Pune,Maharashtra,30,3000000,0,3%,0,1,0,1,1,0,0,3,1000000,1%,"10,00,00,000",,18.5196,73.8553,,Rajkot,22.2969,70.7984
11,31,Gopal's 56,Fiber Ice Cream,Food and beverages,New Delhi,Delhi,0,0,0,0,0,0,0,0,0,0,0,0,#DIV/0!,0%,,,28.7,77.2,,Meerut,28.99,77.7
11,32,ARRCOAT Surface Textures,Wall Building,Construction,New Delhi,Delhi,50,5000000,0,15%,1,0,0,0,0,0,0,1,5000000,15%,"3,33,33,333",,28.7,77.2,,Jabalpur,23.1667,79.9333
11,33,Farda,Customised Streetwear,Fashion,Nagpur,Maharashtra,30,3000000,0,20%,0,0,1,1,0,0,0,2,1500000,10%,"1,50,00,000",,21.1539,79.0831,,Thane,19.18,72.9633
12,34,Auli Lifestyle,Ayurvedic Products,Healthcare,Kolkata,West Bengal,75,7500000,0,5%,0,0,1,0,0,0,0,1,7500000,5%,"15,00,00,000",,22.5411,88.3378,,Dhanbad,23.7928,86.435
12,35,SweeDesi,Indian Sweets,Food and beverages,Pune,Maharashtra,0,0,0,0,0,0,0,0,0,0,0,0,#DIV/0!,0%,,,18.5196,73.8553,,Allahabad,25.455,81.84
12,36,LOKA,Metaverse App,Gaming,Delhi,Delhi,40,4000000,0,24%,1,0,0,1,1,0,0,3,1333333.333,8%,"1,66,66,667",,28.66,77.23,,Varanasi,25.3189,83.0128
13,37,Annie,Braille Literary Device,Education,Bangalore,Karnataka,10,1000000,0,3%,1,0,1,0,1,0,0,3,333333.3333,1%,"3,33,33,333",,12.9699,77.598,,Sr?nagar,34.0911,74.8061
13,38,Caragreen,Eco-Friendly boxes,packaging,Bangalore,Karnataka,50,5000000,0,20%,1,0,0,0,1,0,0,2,2500000,10%,"2,50,00,000",,12.9699,77.598,,Amritsar,31.6167,74.85
13,39,The Yarn Bazaar,Yarn-Trading App,Textile,Mumbai,Maharashtra,10,1000000,0,10%,1,1,0,1,1,0,0,4,250000,3%,"1,00,00,000",,18.9667,72.8333,,Al?garh,27.88,78.08
14,40,The Renal Project,Home Dialysis Treatment,Healthcare,Mumbai,Maharashtra,10,1000000,0,6%,0,0,1,1,0,0,0,2,500000,3%,"1,66,66,667",,18.9667,72.8333,,Bhiwandi,19.3,73.0667
14,41,Morikko Pure Foods,Healthy Food Snacks,Food and beverages,Valsad,Gujrat,0,0,0,0,0,0,0,0,0,0,0,0,#DIV/0!,0%,,,#N/A,#N/A,,Gwalior,26.215,78.1931
14,42,Good Good Piggy Bank,Digital Piggy Bank,,Delhi,Delhi,0,0,0,0,0,0,0,0,0,0,0,0,#DIV/0!,0%,,,28.66,77.23,,Bhilai,21.2167,81.4333
15,43,Hammer Lifestyle,Smart Audio Products,Electronics,Panipat ,Haryana,10,1000000,0,40.00%,0,0,0,1,0,0,0,1,1000000,40%,"25,00,000",,#N/A,#N/A,,Haora,22.59,88.31
15,44,PNT,Robotics and Automation Solutions,SAAS,Mumbai,Maharashtra,25,2500000,25,25.00%,0,0,0,0,1,0,0,1,2500000,25%,"1,00,00,000",,18.9667,72.8333,,Ranchi,23.3556,85.3347
15,45,Cocofit,Coconut based beverage franchise,Food and beverages,Hyderabad,Telangana,5,500000,0,5.00%,1,0,1,1,0,0,0,3,166666.6667,2%,"1,00,00,000",,17.3667,78.4667,,Bezwada,16.5167,80.6167
16,46,Bamboo India,Bamboo Products,Wooden ,Chikhli,Maharashtra,50,5000000,30,3.50%,1,1,0,0,0,0,0,2,2500000,2%,"14,28,57,143",,#N/A,#N/A,,Chand?garh,30.7353,76.7911
16,47,Flying Furr,Dog Hygiene,Animal care,New Delhi,Delhi,0,0,0,0,0,0,0,0,0,0,0,0,#DIV/0!,0%,,,28.7,77.2,,Mysore,12.3086,76.6531
16,48,Beyond Water,Liquid Water Enhancer,Water purification,Kolkata,West Bengal,75,7500000,0,15.00%,0,0,1,1,0,0,0,2,3750000,8%,"5,00,00,000",,22.5411,88.3378,,Raipur,21.2379,81.6337
16,49,Let's Try,Healthy Snacks,Food and beverages,Delhi,Delhi,45,4500000,0,12.00%,1,0,0,1,0,0,0,2,2250000,6%,"3,75,00,000",,28.66,77.23,,Kota,25.18,75.83
17,50,Find Your Kicks India,Sneaker Resale,Shoes,,Punjab,50,5000000,0,25.00%,1,1,1,1,1,0,0,5,1000000,5%,"2,00,00,000",,#N/A,#N/A,,Bareilly,28.364,79.415
17,51,Aas Vidyalaya,EdTech App,Education,Mumbai,Maharashtra,15,1500000,0,15.00%,0,1,1,0,1,0,0,3,500000,5%,"1,00,00,000",,18.9667,72.8333,,Jodhpur,26.2918,73.0168
17,52,Outbox,Premium Surprise-Planning,gifts and decor,Kolkata,West Bengal,0,0,0,0,0,0,0,0,0,0,0,0,#DIV/0!,0%,,,22.5411,88.3378,,Coimbatore,11,76.9667
17,53,RoadBounce,Pothole Detection Software and Data,SAAS,Pune,Maharashtra,80,8000000,0,20.00%,0,0,0,0,1,0,0,1,8000000,20%,"4,00,00,000",,18.5196,73.8553,,Dispur,26.15,91.77
18,54,Mommy's Kitchen,Thin Crust Pizza,Food and beverages,mumbai,Maharashtra,0,0,0,0,0,0,0,0,0,0,0,0,#DIV/0!,0%,,,18.9667,72.8333,,Guwahati,26.1667,91.7667
18,55,India Hemp and Co,Hemp Food Products,Food and beverages,Bangalore,Karnataka,0,0,0,0,0,0,0,0,0,0,0,0,#DIV/0!,0%,,,12.9699,77.598,,Solapur,17.6833,75.9167
18,56,Otua,Electric Auto Vehicle,Automotive,Gurgaon,Haryana,1,100000,99,1.00%,0,1,0,0,0,0,0,1,100000,1%,"1,00,00,000",,28.45,77.02,,Trichinopoly,10.8269,78.6928
18,57,Anthyesti,Funeral Service,,Bangalore,Karnataka,0,0,0,0,0,0,0,0,0,0,0,0,#DIV/0!,0%,,,12.9699,77.598,,Hubli,15.36,75.125
19,58,Ethik,Leather-free Shoes,Shoes,Bangalore,Karnataka,0,0,0,0,0,0,0,0,0,0,0,0,#DIV/0!,0%,,,12.9699,77.598,,Jalandhar,31.3256,75.5792
19,59,Brainwired,Livestock health monitoring AI,Healthcare,Koci,Kerala,60,6000000,0,10.00%,0,1,1,1,1,0,0,4,1500000,3%,"6,00,00,000",,#N/A,#N/A,,Bhubaneshwar,20.2644,85.8281
19,60,KetoIndia,Customised Keto Diets for various medical issues,Healthcare,Pitampura,Delhi,0,0,0,0,0,0,0,0,0,0,0,0,#DIV/0!,0%,,,#N/A,#N/A,,Bhayandar,19.3,72.85
19,61,Magic lock,LPG Cylinder lock,safety,Mumbai,Maharashtra,0,0,0,0,0,0,0,0,0,0,0,0,#DIV/0!,0%,,,18.9667,72.8333,,Moradabad,28.8418,78.7568
20,62,The State Plate,Delicacies,Food and beverages,Bangalore,Karnataka,40,4000000,25,3.00%,0,0,0,0,1,0,0,1,4000000,3%,"13,33,33,333",,12.9699,77.598,,Kolhapur,16.7,74.2333
20,63,Bakarmax,Comics & Animation,entertaiment,Mumbai,Maharashtra,0,0,0,0,0,0,0,0,0,0,0,0,#DIV/0!,0%,,,18.9667,72.8333,,Thiruvananthapuram,8.5,76.8997
20,64,IN A CAN,Can Cocktails,Food and beverages,Pune,Maharashtra,10,1000000,0,10.00%,1,1,1,1,1,0,0,5,200000,2%,"1,00,00,000",,18.5196,73.8553,,Saharanpur,29.964,77.546
21,65,Get a Whey,Sugar-Free Icecream,Food and beverages,Pune,Maharashtra,10,1000000,0,15.00%,0,1,0,1,0,1,0,3,333333.3333,5%,"66,66,667",,18.5196,73.8553,,Warangal,17.9756,79.6011
21,66,Sid07 Designs,Inventions,RnD,Jammu,Jammu n Kashmir,25,2500000,22,75.00%,0,0,0,0,1,0,0,1,2500000,75%,"33,33,333",,32.7333,74.85,1200,Salem,11.65,78.1667
21,67,The Quirky Nari,Customised Apparels,Fashion,Mathura,Uttar Pradesh,35,3500000,0,24.00%,1,0,0,0,0,1,0,2,1750000,12%,"1,45,83,333",,27.4833,77.6833,1200,Malegaon,20.55,74.55
22,68,Hair Originals,Natural Hair Extensions,Cosmetics,gurugram,Haryana,60,6000000,0,4.00%,1,1,0,0,1,0,0,3,2000000,1%,"15,00,00,000",,#N/A,#N/A,900,Kochi,9.9667,76.2833
22,69,Poo de Cologne,Toilet Spray with Essential Oils,Toiletries,Mumbai,Maharashtra,0,0,0,0,0,0,0,0,0,0,0,0,#DIV/0!,0%,,,18.9667,72.8333,3300,Gorakhpur,26.7611,83.3667
22,70,Moonshine Meads,Meads,,Pune,Maharashtra,0,0,0,0,0,0,0,0,0,0,0,0,#DIV/0!,0%,,,18.5196,73.8553,,Shimoga,13.9304,75.56
22,71,Falhari,Fresh Fruits,Food and beverages,gurugram,Haryana,0,0,0,0,0,0,0,0,0,0,0,0,#DIV/0!,0%,,,#N/A,#N/A,,Tirupp?r,11.1075,77.3398
23,72,Namhya Foods,Ayurvedic Enriched Food,Food and beverages,Gandhinagar,Jammu n Kashmir,50,5000000,50,10.00%,0,0,0,1,0,0,0,1,5000000,10%,"5,00,00,000",,#N/A,#N/A,,Gunt?r,16.3,80.45
23,73,Urban Monkey,Streetwear,Fashion,Mumbai,Maharashtra,0,0,0,0,0,0,0,0,0,0,0,0,#DIV/0!,0%,,,18.9667,72.8333,,Raurkela,22.2492,84.8828
23,74,Guardian Gears,Motorcycle Luggage,Automotive,Secunderabad,Telangana,0,0,0,0,0,0,0,0,0,0,0,0,#DIV/0!,0%,,,17.45,78.5,,Mangalore,12.8703,74.8806
23,75,Modern Myth,Bags,Fashion,New delhi,Delhi,0,0,0,0,0,0,0,0,0,0,0,0,#DIV/0!,0%,,,28.7,77.2,,Nanded,19.15,77.3333
24,76,The Sass Bar,Gifts,,Bangalore,Maharashtra,50,5000000,0,35.00%,1,0,0,0,0,0,1,2,2500000,18%,"1,42,85,714",,12.9699,77.598,,Cuttack,20.45,85.8667
24,77,KG Agrotech,Agricultural Innovations,Agricuture,Latur,Maharashtra,10,1000000,20,40.00%,0,0,0,0,1,0,0,1,1000000,40%,"25,00,000",,#N/A,#N/A,,Chanda,19.95,79.3
24,78,Nuskha Kitchen,Homemade Foods,Food and beverages,Jaipur,Rajasthan,0,0,0,0,0,0,0,0,0,0,0,0,#DIV/0!,0%,,,26.9167,75.8667,,Dehra D?n,30.318,78.029
25,79,PawsIndia,Dog Products,Food and beverages,mumbai,Maharashtra,50,5000000,0,15.00%,1,0,0,0,0,0,0,1,5000000,15%,"3,33,33,333",,18.9667,72.8333,,Durgapur,23.55,87.32
25,80,Sunfox Technologies,Portable ECG Device,Healthcare,Dehra D?n,Uttarakhand,10,1000000,0,6.00%,1,0,1,0,1,1,1,5,200000,1%,"1,66,66,667",,30.318,78.029,,asansol,23.6833,86.9667
25,81,Alpino,Roasted Peanut Products,Food and beverages,S?rat,Gujrat,0,0,0,0,0,0,0,0,0,0,0,0,#DIV/0!,0%,,,21.17,72.83,,Bhavnagar,21.765,72.1369
26,82,Isak Fragrances,Perfumes,Cosmetics,Lucknow,Uttar Pradesh,50,5000000,0,50.00%,0,0,0,0,1,0,0,1,5000000,50%,"1,00,00,000",,26.847,80.947,,Amravati,20.9333,77.75
26,83,Julaa Automation,Automatic Cradle,Electronics,Ahmedabad,Gujrat,0,0,0,0,0,0,0,0,0,0,0,0,#DIV/0!,0%,,,23.03,72.58,,Nellore,14.4333,79.9667
26,84,Rare Planet,Handicrafts,Handicrafts,Pune,Maharashtra,65,6500000,0,30.00%,0,0,1,0,0,0,0,1,6500000,30%,"2,16,66,667",,18.5196,73.8553,,Ajmer,26.468,74.639
27,85,Theka Coffee,Coffee Products,Food and beverages,Mumbai,Maharashtra,0,0,0,0,0,0,0,0,0,0,0,0,#DIV/0!,0%,,,18.9667,72.8333,,Tinnevelly,8.7289,77.7081
27,86,Watt Technovations,Ventilated PPE Kits,Saafety,Pune,Maharashtra,10,1000000,0,4.00%,1,0,1,0,1,0,1,4,250000,1%,"2,50,00,000",,18.5196,73.8553,,B?kaner,28.0181,73.3169
27,87,Aliste Technologies,Automation Solutions,Electronics,Noida,Uttar Pradesh,0,0,0,0,0,0,0,0,0,0,0,0,#DIV/0!,0%,,,#N/A,#N/A,,Agartala,23.8333,91.2667
27,88,Insurance Samadhan,Insurance Solutions,Insurance,Noida,Uttar Pradesh,10,1000000,0,4.00%,0,0,0,0,1,0,0,1,1000000,4%,"2,50,00,000",,#N/A,#N/A,,Ujjain,23.1828,75.7772
28,89,Humpy A2,Organic Milk Products,Food and beverages,Pune,Maharashtra,10,1000000,0,15.00%,0,0,0,0,1,1,1,3,333333.3333,5%,"66,66,667",,18.5196,73.8553,,Jhansi,25.4486,78.5696
28,90,Kunafa World,Kunafa,Food and beverages,Bangalore,Karnataka,0,0,0,0,0,0,0,0,0,0,0,0,#DIV/0!,0%,,,12.9699,77.598,,Ulhasnagar,19.2167,73.15
28,91,Gold Safe Solutions Ind.,Anti-Suicidal Fan Rod,Safety,Mumbai,Maharashtra,50,5000000,0,30.00%,0,0,0,0,1,1,1,3,1666666.667,10%,"1,66,66,667",,18.9667,72.8333,,Davangere,14.4667,75.9167
29,92,Wakao Foods,Jackfruit Products,Food and beverages,Panaji,Goa,75,7500000,0,21.00%,0,0,1,0,0,1,1,3,2500000,7%,"3,57,14,286",,15.48,73.83,,Jammu,32.7333,74.85
29,93,PDD Falcon,Stainless Steel Items,Metal,Mumbai,Maharashtra,0,0,0,0,0,0,0,0,0,0,0,0,#DIV/0!,0%,,,18.9667,72.8333,,Belgaum,15.8667,74.5
29,94,PlayBox TV,Streaming Platform,Electronics,Mumbai,Maharashtra,0,0,0,0,0,0,0,0,0,0,0,0,#DIV/0!,0%,,,18.9667,72.8333,,Gulbarga,17.3333,76.8333
30,95,Sippline Drinking Shields,Portable Glass Attachment,,Delhi,Delhi,0,0,0,0,0,0,0,0,0,0,0,0,#DIV/0!,0%,,,28.66,77.23,,Jamnagar,22.47,70.07
30,96,Kabaddi Adda,All-Kabaddi App,sports,Bangalore,Karnataka,80,8000000,0,6.00%,0,0,1,0,0,1,0,2,4000000,3%,"13,33,33,333",,12.9699,77.598,,Dh?lia,20.9,74.7833
30,97,Shades of Spring,Flowers,gifts and decor,Mumbai,Maharashtra,0,0,0,0,0,0,0,0,0,0,0,0,#DIV/0!,0%,,,18.9667,72.8333,,Gaya,24.75,85.0167
30,98,Scholify,Scholarship Platform,SAAS,Bangalore,Karnataka,0,0,0,0,0,0,0,0,0,0,0,0,#DIV/0!,0%,,,12.9699,77.598,,Jalgaon,21.0167,75.5667
31,99,Scrapshala,Handmade Reusable Scrap Materials,Recylcing,Varanasi,Uttar Pradesh,0,0,0,0,0,0,0,0,0,0,0,0,#DIV/0!,0%,,,25.3189,83.0128,,Kurnool,15.8222,78.035
31,100,Sabjikothi,Vegetables Storage,Electronics,Kanpur,Uttar Pradesh,0,0,0,0,0,0,0,0,0,0,0,0,#DIV/0!,0%,,,#N/A,#N/A,,Udaipur,24.5833,73.6833
31,101,AyuRythm,Ayurvedic Wellness App,Healthcare,Bangalore,Karnataka,75,7500000,0,2.68%,0,0,0,1,0,0,0,1,7500000,3%,"27,98,50,746",,12.9699,77.598,,Bellary,15.15,76.915
31,102,Astrix,Smart Locks,Automotive,Coimbatore,Tamil Nadu,0,0,0,0,0,0,0,0,0,0,0,0,#DIV/0!,0%,,,11,76.9667,,Sangli,16.8667,74.5667
32,103,Thea and Sid,Proposal Solutions,Fashion,Mumbai,Maharashtra,0,0,0,0,0,0,0,0,0,0,0,0,#DIV/0!,0%,,,18.9667,72.8333,,Tuticorin,8.7833,78.1333
32,104,Experential Etc,Technology layered Advertisement Services,entertaiment,Mumbai,Maharashtra,0,0,0,0,0,0,0,0,0,0,0,0,#DIV/0!,0%,,,18.9667,72.8333,,Calicut,11.25,75.7667
32,105,GrowFitter,Rewards App,Healthcare,Mumbai,Maharashtra,50,5000000,0,2.00%,0,0,0,1,0,0,0,1,5000000,2%,"25,00,00,000",,18.9667,72.8333,,Akola,20.7333,77
32,106,Med Tech,Portable opthalmic devices,Healthcare,Chennai,Tamil Nadu,0,0,0,0,0,0,0,0,0,0,0,0,#DIV/0!,0%,,,13.0825,80.275,,Bhagalpur,25.25,87.0167
33,107,Colour Me Mad,Insoles,Shoes,Mumbai,Maharashtra,40,4000000,0,25.00%,0,0,1,0,0,0,0,1,4000000,25%,"1,60,00,000",,18.9667,72.8333,,S?kar,27.6119,75.1397
33,108,Mavi's,Vegan Fermented Food,Food and beverages,Thane,Maharashtra,0,0,0,0,0,0,0,0,0,0,0,0,#DIV/0!,0%,,,19.18,72.9633,,Tumk?r,13.33,77.1
33,109,Tweek Labs,Sportswear,Sports,Hubli,Karnataka,60,6000000,0,10.00%,1,1,0,0,1,0,0,3,2000000,3%,"6,00,00,000",,15.36,75.125,,Quilon,8.8853,76.5864
33,110,Proxgy,VR,entertaiment,gurugram,Haryana,10,1000000,0,10.00%,0,1,0,0,1,0,0,2,500000,5%,"1,00,00,000",,#N/A,#N/A,,Muzaffarnagar,29.4708,77.7033
34,111,Nomad Food Project,Bacon Jams,Food and beverages,Pune,Maharashtra,40,4000000,0,20.00%,0,1,1,0,0,1,1,4,1000000,5%,"2,00,00,000",,18.5196,73.8553,,Bh?lwara,25.35,74.6333
34,112,Twee in One,Reversible and convertible clothing,Fashion,Mumbai,Maharashtra,0,0,0,0,0,0,0,0,0,0,0,0,#DIV/0!,0%,,,18.9667,72.8333,,Nizamabad,18.6704,78.1
34,113,Green Protein,Plant-Based Protein,Food and beverages,Mumbai,Maharashtra,0,0,0,0,0,0,0,0,0,0,0,0,#DIV/0!,0%,,,18.9667,72.8333,,Bhatpara,22.8667,88.4167
34,114,On2Cook,Fastest Cooking Device,Electronics,Ahmedabad,Gujrat,0,0,0,0,0,0,0,0,0,0,0,0,#DIV/0!,0%,,,23.03,72.58,,Kakinada,16.9333,82.2167
35,115,Jain Shikanji,Lemonade,Food and beverages,Madinagar,Uttar Pradesh,40,4000000,0,30.00%,1,1,0,1,0,1,0,4,1000000,8%,"1,33,33,333",,#N/A,#N/A,,Parbhani,19.2704,76.76
35,116,Woloo,Washroom Finder,SAAS,Mumbai,Maharashtra,0,0,0,0,0,0,0,0,0,0,0,0,#DIV/0!,0%,,,18.9667,72.8333,,Panihati,22.69,88.37
35,117,Elcare India,Carenting for Elders,SAAS,Gurugram,Haryana,0,0,0,0,0,0,0,0,0,0,0,0,#DIV/0!,0%,,,#N/A,#N/A,,Lat?r,18.4004,76.57
,,,,,,,,,,,,,,,,,,,#DIV/0!,,,,,,,Rohtak,28.9,76.5667
,,,,,,,,,,,,,,,,,,,#DIV/0!,,,,,,,Rajapalaiyam,9.4204,77.58
,,,,,,,,117,,,,,,,,,,,#DIV/0!,,,,,,,Ahmadnagar,19.0833,74.7333
,,,,,,,,,,,,,,,,,,,#DIV/0!,,,,,,,Cuddapah,14.4667,78.8167
,,,,,,,,,,,,,,,,,,,#DIV/0!,,,,,,,Rajahmundry,16.9833,81.7833
,,,,,,,,,,,,,,,,,,,#DIV/0!,,,,,,,Alwar,27.5667,76.6167
,,,,,,,,,,,,,,,,,,,#DIV/0!,,,,,,,Muzaffarpur,26.12,85.3833
,,,,,,,,,,,,,,,,,,,#DIV/0!,,,,,,,Bilaspur,22.15,82.0167
,,,,,,,,,,,,,,,,,,,#DIV/0!,,,,,,,Mathura,27.4833,77.6833
,,,,,,,,,,,,,,,,,,,#DIV/0!,,,,,,,Kamarhati,22.67,88.37
,,,,,,,,,,,,,,,,,,,#DIV/0!,,,,,,,Patiala,30.3204,76.385
,,,,,,,,,,,,,,,,,,,#DIV/0!,,,,,,,Saugor,23.8504,78.75
,,,,,,,,,,,,,,,,,,,#DIV/0!,,,,,,,Bijapur,16.8244,75.7154
,,,,,,,,,,,,,,,,,,,#DIV/0!,,,,,,,Brahmapur,19.32,84.8
,,,,,,,,,,,,,,,,,,,#DIV/0!,,,,,,,Shahjanpur,27.8804,79.905
,,,,,,,,,,,,,,,,,,,#DIV/0!,,,,,,,Trich?r,10.52,76.21
,,,,,,,,,,,,,,,,,,,#DIV/0!,,,,,,,Barddhaman,23.25,87.85
,,,,,,,,,,,,,,,,,,,#DIV/0!,,,,,,,Kulti,23.73,86.85
,,,,,,,,,,,,,,,,,,,#DIV/0!,,,,,,,Sambalpur,21.4704,83.9701
,,,,,,,,,,,,,,,,,,,#DIV/0!,,,,,,,Purnea,25.78,87.47
,,,,,,,,,,,,,,,,,,,#DIV/0!,,,,,,,Hisar,29.1489,75.7367
,,,,,,,,,,,,,,,,,,,#DIV/0!,,,,,,,F?rozabad,27.15,78.3949
,,,,,,,,,,,,,,,,,,,#DIV/0!,,,,,,,B?dar,17.9229,77.5175
,,,,,,,,,,,,,,,,,,,#DIV/0!,,,,,,,Rampur,28.8154,79.025
,,,,,,,,,,,,,,,,,,,#DIV/0!,,,,,,,Shiliguri,26.72,88.42
,,,,,,,,,,,,,,,,,,,#DIV/0!,,,,,,,Bali,22.65,88.34
,,,,,,,,,,,,,,,,,,,#DIV/0!,,,,,,,Pan?pat,29.4004,76.97
,,,,,,,,,,,,,,,,,,,#DIV/0!,,,,,,,Kar?mnagar,18.4333,79.15
,,,,,,,,,,,,,,,,,,,#DIV/0!,,,,,,,Bhuj,23.2504,69.81
,,,,,,,,,,,,,,,,,,,#DIV/0!,,,,,,,Ichalkaranji,16.7,74.47
,,,,,,,,,,,,,,,,,,,#DIV/0!,,,,,,,Tirupati,13.65,79.42
,,,,,,,,,,,,,,,,,,,#DIV/0!,,,,,,,Hospet,15.2667,76.4
,,,,,,,,,,,,,,,,,,,#DIV/0!,,,,,,,a?zawl,23.7104,92.72
,,,,,,,,,,,,,,,,,,,#DIV/0!,,,,,,,Sannai,24.16,80.83
,,,,,,,,,,,,,,,,,,,#DIV/0!,,,,,,,Barasat,22.2333,88.45
,,,,,,,,,,,,,,,,,,,#DIV/0!,,,,,,,Ratlam,23.3167,75.0667
,,,,,,,,,,,,,,,,,,,#DIV/0!,,,,,,,Handwara,34.4,74.28
,,,,,,,,,,,,,,,,,,,#DIV/0!,,,,,,,Drug,21.19,81.28
,,,,,,,,,,,,,,,,,,,#DIV/0!,,,,,,,Imphal,24.82,93.95
,,,,,,,,,,,,,,,,,,,#DIV/0!,,,,,,,Anantapur,14.6833,77.6
,,,,,,,,,,,,,,,,,,,#DIV/0!,,,,,,,Etawah,26.7855,79.015
,,,,,,,,,,,,,,,,,,,#DIV/0!,,,,,,,Raich?r,16.2104,77.355
,,,,,,,,,,,,,,,,,,,#DIV/0!,,,,,,,Ongole,15.5,80.05
,,,,,,,,,,,,,,,,,,,#DIV/0!,,,,,,,Bharatpur,27.2172,77.49
,,,,,,,,,,,,,,,,,,,#DIV/0!,,,,,,,Begusarai,25.42,86.13
,,,,,,,,,,,,,,,,,,,#DIV/0!,,,,,,,Son?pat,28.9958,77.0114
,,,,,,,,,,,,,,,,,,,#DIV/0!,,,,,,,Ramgundam,18.8,79.45
,,,,,,,,,,,,,,,,,,,#DIV/0!,,,,,,,Hapur,28.7437,77.7628
,,,,,,,,,,,,,,,,,,,#DIV/0!,,,,,,,Uluberiya,22.47,88.11
,,,,,,,,,,,,,,,,,,,#DIV/0!,,,,,,,Porbandar,21.6425,69.6047
,,,,,,,,,,,,,,,,,,,#DIV/0!,,,,,,,Pali,25.7725,73.3233
,,,,,,,,,,,,,,,,,,,#DIV/0!,,,,,,,Vizianagaram,18.1167,83.4167
,,,,,,,,,,,,,,,,,,,#DIV/0!,,,,,,,Puducherry,11.93,79.83
,,,,,,,,,,,,,,,,,,,#DIV/0!,,,,,,,Karnal,29.6804,76.97
,,,,,,,,,,,,,,,,,,,#DIV/0!,,,,,,,Nagercoil,8.17,77.43
,,,,,,,,,,,,,,,,,,,#DIV/0!,,,,,,,Tanjore,10.8,79.15
,,,,,,,,,,,,,,,,,,,#DIV/0!,,,,,,,Sambhal,28.58,78.55
,,,,,,,,,,,,,,,,,,,#DIV/0!,,,,,,,Naihati,22.9,88.42
,,,,,,,,,,,,,,,,,,,#DIV/0!,,,,,,,Secunderabad,17.45,78.5
,,,,,,,,,,,,,,,,,,,#DIV/0!,,,,,,,Kharagpur,22.3302,87.3237
,,,,,,,,,,,,,,,,,,,#DIV/0!,,,,,,,Dindigul,10.35,77.95
,,,,,,,,,,,,,,,,,,,#DIV/0!,,,,,,,Shimla,31.1033,77.1722
,,,,,,,,,,,,,,,,,,,#DIV/0!,,,,,,,Ingraj Bazar,25,88.15
,,,,,,,,,,,,,,,,,,,#DIV/0!,,,,,,,Ellore,16.7,81.1
,,,,,,,,,,,,,,,,,,,#DIV/0!,,,,,,,Puri,19.8,85.8167
,,,,,,,,,,,,,,,,,,,#DIV/0!,,,,,,,Haldia,22.0257,88.0583
,,,,,,,,,,,,,,,,,,,#DIV/0!,,,,,,,Nandyal,15.48,78.48
,,,,,,,,,,,,,,,,,,,#DIV/0!,,,,,,,Bulandshahr,28.4104,77.8484
,,,,,,,,,,,,,,,,,,,#DIV/0!,,,,,,,Chakradharpur,22.7,85.63
,,,,,,,,,,,,,,,,,,,#DIV/0!,,,,,,,Bhiwani,28.7833,76.1333
,,,,,,,,,,,,,,,,,,,#DIV/0!,,,,,,,Gurgaon,28.45,77.02
,,,,,,,,,,,,,,,,,,,#DIV/0!,,,,,,,Burhanpur,21.3004,76.13
,,,,,,,,,,,,,,,,,,,#DIV/0!,,,,,,,Khammam,17.25,80.15
,,,,,,,,,,,,,,,,,,,#DIV/0!,,,,,,,Madhyamgram,22.7,88.45
,,,,,,,,,,,,,,,,,,,#DIV/0!,,,,,,,Ghand?nagar,23.22,72.68
,,,,,,,,,,,,,,,,,,,#DIV/0!,,,,,,,Baharampur,24.1,88.25
,,,,,,,,,,,,,,,,,,,#DIV/0!,,,,,,,Mahb?bnagar,16.7333,77.9833
,,,,,,,,,,,,,,,,,,,#DIV/0!,,,,,,,Mahesana,23.6,72.4
,,,,,,,,,,,,,,,,,,,#DIV/0!,,,,,,,adoni,15.63,77.28
,,,,,,,,,,,,,,,,,,,#DIV/0!,,,,,,,Raiganj,25.6167,88.1167
,,,,,,,,,,,,,,,,,,,#DIV/0!,,,,,,,Bhusaval,21.02,75.83
,,,,,,,,,,,,,,,,,,,#DIV/0!,,,,,,,Bahraigh,27.6204,81.6699
,,,,,,,,,,,,,,,,,,,#DIV/0!,,,,,,,Shr?rampur,22.75,88.34
,,,,,,,,,,,,,,,,,,,#DIV/0!,,,,,,,Tonk,26.1505,75.79
,,,,,,,,,,,,,,,,,,,#DIV/0!,,,,,,,Sirsa,29.4904,75.03
,,,,,,,,,,,,,,,,,,,#DIV/0!,,,,,,,Jaunpur,25.7333,82.6833
,,,,,,,,,,,,,,,,,,,#DIV/0!,,,,,,,Madanapalle,13.55,78.5
,,,,,,,,,,,,,,,,,,,#DIV/0!,,,,,,,Hugli,22.9,88.39
,,,,,,,,,,,,,,,,,,,#DIV/0!,,,,,,,Vellore,12.9204,79.15
,,,,,,,,,,,,,,,,,,,#DIV/0!,,,,,,,Alleppey,9.5004,76.37
,,,,,,,,,,,,,,,,,,,#DIV/0!,,,,,,,Cuddalore,11.75,79.75
,,,,,,,,,,,,,,,,,,,#DIV/0!,,,,,,,Deo,24.6561,84.4356
,,,,,,,,,,,,,,,,,,,#DIV/0!,,,,,,,Ch?rala,15.82,80.35
,,,,,,,,,,,,,,,,,,,#DIV/0!,,,,,,,Machil?patnam,16.1667,81.1333
,,,,,,,,,,,,,,,,,,,#DIV/0!,,,,,,,Medin?pur,22.4333,87.3333
,,,,,,,,,,,,,,,,,,,#DIV/0!,,,,,,,Baram?la,34.2,74.34
,,,,,,,,,,,,,,,,,,,#DIV/0!,,,,,,,Chandannagar,22.8667,88.3833
,,,,,,,,,,,,,,,,,,,#DIV/0!,,,,,,,Fatehpur,25.8804,80.8
,,,,,,,,,,,,,,,,,,,#DIV/0!,,,,,,,Udipi,13.3322,74.7461
,,,,,,,,,,,,,,,,,,,#DIV/0!,,,,,,,Tenali,16.243,80.64
,,,,,,,,,,,,,,,,,,,#DIV/0!,,,,,,,Sitalpur,27.63,80.75
,,,,,,,,,,,,,,,,,,,#DIV/0!,,,,,,,Conjeeveram,12.8308,79.7078
,,,,,,,,,,,,,,,,,,,#DIV/0!,,,,,,,Proddat?r,14.73,78.55
,,,,,,,,,,,,,,,,,,,#DIV/0!,,,,,,,Navsari,20.8504,72.92
,,,,,,,,,,,,,,,,,,,#DIV/0!,,,,,,,Godhra,22.7755,73.6149
,,,,,,,,,,,,,,,,,,,#DIV/0!,,,,,,,Budaun,28.03,79.09
,,,,,,,,,,,,,,,,,,,#DIV/0!,,,,,,,Chittoor,13.2,79.1167
,,,,,,,,,,,,,,,,,,,#DIV/0!,,,,,,,Har?pur,31.52,75.98
,,,,,,,,,,,,,,,,,,,#DIV/0!,,,,,,,Saharsa,25.88,86.6
,,,,,,,,,,,,,,,,,,,#DIV/0!,,,,,,,Vidisha,23.5239,77.8061
,,,,,,,,,,,,,,,,,,,#DIV/0!,,,,,,,Pathankot,32.2689,75.6497
,,,,,,,,,,,,,,,,,,,#DIV/0!,,,,,,,Nalgonda,17.05,79.27
,,,,,,,,,,,,,,,,,,,#DIV/0!,,,,,,,Dibrugarh,27.4833,95
,,,,,,,,,,,,,,,,,,,#DIV/0!,,,,,,,Balurghat,25.2167,88.7667
,,,,,,,,,,,,,,,,,,,#DIV/0!,,,,,,,Krishnanagar,23.4,88.5
,,,,,,,,,,,,,,,,,,,#DIV/0!,,,,,,,Fyzabad,26.7504,82.17
,,,,,,,,,,,,,,,,,,,#DIV/0!,,,,,,,Silchar,24.7904,92.79
,,,,,,,,,,,,,,,,,,,#DIV/0!,,,,,,,Shantipur,23.25,88.43
,,,,,,,,,,,,,,,,,,,#DIV/0!,,,,,,,Hindupur,13.83,77.49
,,,,,,,,,,,,,,,,,,,#DIV/0!,,,,,,,Erode,11.3408,77.7172
,,,,,,,,,,,,,,,,,,,#DIV/0!,,,,,,,Jamuria,23.7,87.08
,,,,,,,,,,,,,,,,,,,#DIV/0!,,,,,,,Habra,22.83,88.63
,,,,,,,,,,,,,,,,,,,#DIV/0!,,,,,,,Ambala,30.3786,76.7725
,,,,,,,,,,,,,,,,,,,#DIV/0!,,,,,,,Mauli,30.7194,76.7181
,,,,,,,,,,,,,,,,,,,#DIV/0!,,,,,,,Kolar,13.1333,78.1333
,,,,,,,,,,,,,,,,,,,#DIV/0!,,,,,,,Shillong,25.5744,91.8789
,,,,,,,,,,,,,,,,,,,#DIV/0!,,,,,,,Bh?mavaram,16.5333,81.5333
,,,,,,,,,,,,,,,,,,,#DIV/0!,,,,,,,New Delhi,28.7,77.2
,,,,,,,,,,,,,,,,,,,#DIV/0!,,,,,,,Mandsaur,24.03,75.08
,,,,,,,,,,,,,,,,,,,#DIV/0!,,,,,,,Kumbakonam,10.9805,79.4
,,,,,,,,,,,,,,,,,,,#DIV/0!,,,,,,,Tiruvannamalai,12.2604,79.1
,,,,,,,,,,,,,,,,,,,#DIV/0!,,,,,,,Chicacole,18.3,83.9
,,,,,,,,,,,,,,,,,,,#DIV/0!,,,,,,,Bankura,23.25,87.0667
,,,,,,,,,,,,,,,,,,,#DIV/0!,,,,,,,Mandya,12.5242,76.8958
,,,,,,,,,,,,,,,,,,,#DIV/0!,,,,,,,Hassan,13.005,76.1028
,,,,,,,,,,,,,,,,,,,#DIV/0!,,,,,,,Yavatmal,20.4,78.1333
,,,,,,,,,,,,,,,,,,,#DIV/0!,,,,,,,P?libh?t,28.64,79.81
,,,,,,,,,,,,,,,,,,,#DIV/0!,,,,,,,Palghat,10.7792,76.6547
,,,,,,,,,,,,,,,,,,,#DIV/0!,,,,,,,Abohar,30.1204,74.29
,,,,,,,,,,,,,,,,,,,#DIV/0!,,,,,,,Palakollu,16.5333,81.7333
,,,,,,,,,,,,,,,,,,,#DIV/0!,,,,,,,Kanchrapara,22.97,88.43
,,,,,,,,,,,,,,,,,,,#DIV/0!,,,,,,,Port Blair,11.6667,92.75
,,,,,,,,,,,,,,,,,,,#DIV/0!,,,,,,,Al?pur Duar,26.4837,89.5667
,,,,,,,,,,,,,,,,,,,#DIV/0!,,,,,,,Hathras,27.6,78.05
,,,,,,,,,,,,,,,,,,,#DIV/0!,,,,,,,Guntakal,15.17,77.38
,,,,,,,,,,,,,,,,,,,#DIV/0!,,,,,,,Navadw?p,23.4088,88.3657
,,,,,,,,,,,,,,,,,,,#DIV/0!,,,,,,,Bas?rhat,22.6572,88.8942
,,,,,,,,,,,,,,,,,,,#DIV/0!,,,,,,,Hal?sahar,22.95,88.42
,,,,,,,,,,,,,,,,,,,#DIV/0!,,,,,,,Rishra,22.71,88.35
,,,,,,,,,,,,,,,,,,,#DIV/0!,,,,,,,Dharmavaram,14.4142,77.715
,,,,,,,,,,,,,,,,,,,#DIV/0!,,,,,,,Baidyabati,22.79,88.32
,,,,,,,,,,,,,,,,,,,#DIV/0!,,,,,,,Darjeeling,27.0417,88.2631
,,,,,,,,,,,,,,,,,,,#DIV/0!,,,,,,,Sopur,34.3,74.47
,,,,,,,,,,,,,,,,,,,#DIV/0!,,,,,,,Gudivada,16.43,80.99
,,,,,,,,,,,,,,,,,,,#DIV/0!,,,,,,,Adilabad,19.6667,78.5333
,,,,,,,,,,,,,,,,,,,#DIV/0!,,,,,,,Titagarh,22.74,88.37
,,,,,,,,,,,,,,,,,,,#DIV/0!,,,,,,,Chittaurgarh,24.8894,74.6239
,,,,,,,,,,,,,,,,,,,#DIV/0!,,,,,,,Narasaraopet,16.236,80.054
,,,,,,,,,,,,,,,,,,,#DIV/0!,,,,,,,Dam Dam,22.62,88.42
,,,,,,,,,,,,,,,,,,,#DIV/0!,,,,,,,Valparai,10.3204,76.97
,,,,,,,,,,,,,,,,,,,#DIV/0!,,,,,,,Osmanabad,18.1667,76.05
,,,,,,,,,,,,,,,,,,,#DIV/0!,,,,,,,Champdani,22.8,88.37
,,,,,,,,,,,,,,,,,,,#DIV/0!,,,,,,,Bangaon,23.07,88.82
,,,,,,,,,,,,,,,,,,,#DIV/0!,,,,,,,Khardah,22.72,88.38
,,,,,,,,,,,,,,,,,,,#DIV/0!,,,,,,,Tadpatri,14.92,78.02
,,,,,,,,,,,,,,,,,,,#DIV/0!,,,,,,,Jalpaiguri,26.5167,88.7333
,,,,,,,,,,,,,,,,,,,#DIV/0!,,,,,,,Suriapet,17.15,79.6167
,,,,,,,,,,,,,,,,,,,#DIV/0!,,,,,,,Tadepalleg?dem,16.8333,81.5
,,,,,,,,,,,,,,,,,,,#DIV/0!,,,,,,,Bansbaria,22.97,88.4
,,,,,,,,,,,,,,,,,,,#DIV/0!,,,,,,,Negapatam,10.7667,79.8333
,,,,,,,,,,,,,,,,,,,#DIV/0!,,,,,,,Bhadreswar,22.82,88.35
,,,,,,,,,,,,,,,,,,,#DIV/0!,,,,,,,Chilakal?rupet,16.0892,80.1672
,,,,,,,,,,,,,,,,,,,#DIV/0!,,,,,,,Kalyani,22.975,88.4344
,,,,,,,,,,,,,,,,,,,#DIV/0!,,,,,,,Gangtok,27.33,88.62
,,,,,,,,,,,,,,,,,,,#DIV/0!,,,,,,,Koh?ma,25.6667,94.1194
,,,,,,,,,,,,,,,,,,,#DIV/0!,,,,,,,Khambhat,22.3131,72.6194
,,,,,,,,,,,,,,,,,,,#DIV/0!,,,,,,,Aurangabad,24.7704,84.38
,,,,,,,,,,,,,,,,,,,#DIV/0!,,,,,,,Emmigan?r,15.7333,77.4833
,,,,,,,,,,,,,,,,,,,#DIV/0!,,,,,,,Rayachoti,14.05,78.75
,,,,,,,,,,,,,,,,,,,#DIV/0!,,,,,,,Kavali,14.9123,79.9944
,,,,,,,,,,,,,,,,,,,#DIV/0!,,,,,,,Mancheral,18.8679,79.4639
,,,,,,,,,,,,,,,,,,,#DIV/0!,,,,,,,Kadiri,14.12,78.17
,,,,,,,,,,,,,,,,,,,#DIV/0!,,,,,,,Ootacamund,11.4086,76.6939
,,,,,,,,,,,,,,,,,,,#DIV/0!,,,,,,,Anakapalle,17.68,83.02
,,,,,,,,,,,,,,,,,,,#DIV/0!,,,,,,,Sirsilla,18.38,78.83
,,,,,,,,,,,,,,,,,,,#DIV/0!,,,,,,,Kamareddipet,18.3167,78.35
,,,,,,,,,,,,,,,,,,,#DIV/0!,,,,,,,Paloncha,17.5815,80.6765
,,,,,,,,,,,,,,,,,,,#DIV/0!,,,,,,,Kottag?dem,17.55,80.63
,,,,,,,,,,,,,,,,,,,#DIV/0!,,,,,,,Tanuku,16.75,81.7
,,,,,,,,,,,,,,,,,,,#DIV/0!,,,,,,,Bodhan,18.67,77.9
,,,,,,,,,,,,,,,,,,,#DIV/0!,,,,,,,Kar?r,10.9504,78.0833
,,,,,,,,,,,,,,,,,,,#DIV/0!,,,,,,,Mangalagiri,16.43,80.55
,,,,,,,,,,,,,,,,,,,#DIV/0!,,,,,,,Kairana,29.4,77.2
,,,,,,,,,,,,,,,,,,,#DIV/0!,,,,,,,Markapur,15.735,79.27
,,,,,,,,,,,,,,,,,,,#DIV/0!,,,,,,,Malaut,30.19,74.499
,,,,,,,,,,,,,,,,,,,#DIV/0!,,,,,,,Bapatla,15.8889,80.47
,,,,,,,,,,,,,,,,,,,#DIV/0!,,,,,,,Badvel,14.75,79.05
,,,,,,,,,,,,,,,,,,,#DIV/0!,,,,,,,Jorhat,26.75,94.2167
,,,,,,,,,,,,,,,,,,,#DIV/0!,,,,,,,Koratla,18.82,78.72
,,,,,,,,,,,,,,,,,,,#DIV/0!,,,,,,,Pulivendla,14.4167,78.2333
,,,,,,,,,,,,,,,,,,,#DIV/0!,,,,,,,Jaisalmer,26.9167,70.9167
,,,,,,,,,,,,,,,,,,,#DIV/0!,,,,,,,Tadepalle,16.4667,80.6
,,,,,,,,,,,,,,,,,,,#DIV/0!,,,,,,,Arm?r,18.79,78.29
,,,,,,,,,,,,,,,,,,,#DIV/0!,,,,,,,Jatani,20.17,85.7
,,,,,,,,,,,,,,,,,,,#DIV/0!,,,,,,,Gadwal,16.23,77.8
,,,,,,,,,,,,,,,,,,,#DIV/0!,,,,,,,Nagari,13.33,79.58
,,,,,,,,,,,,,,,,,,,#DIV/0!,,,,,,,Wanparti,16.361,78.0627
,,,,,,,,,,,,,,,,,,,#DIV/0!,,,,,,,Ponn?ru,16.0667,80.5667
,,,,,,,,,,,,,,,,,,,#DIV/0!,,,,,,,Vinukonda,16.05,79.75
,,,,,,,,,,,,,,,,,,,#DIV/0!,,,,,,,Itanagar,27.1,93.62
,,,,,,,,,,,,,,,,,,,#DIV/0!,,,,,,,Tezpur,26.6338,92.8
,,,,,,,,,,,,,,,,,,,#DIV/0!,,,,,,,Narasapur,16.4333,81.6833
,,,,,,,,,,,,,,,,,,,#DIV/0!,,,,,,,Kothapet,19.3333,79.4833
,,,,,,,,,,,,,,,,,,,#DIV/0!,,,,,,,Macherla,16.48,79.43
,,,,,,,,,,,,,,,,,,,#DIV/0!,,,,,,,Kanduk?r,15.2165,79.9042
,,,,,,,,,,,,,,,,,,,#DIV/0!,,,,,,,Samalkot,17.0531,82.1695
,,,,,,,,,,,,,,,,,,,#DIV/0!,,,,,,,Bobbili,18.5667,83.4167
,,,,,,,,,,,,,,,,,,,#DIV/0!,,,,,,,Sattenapalle,16.3962,80.1497
,,,,,,,,,,,,,,,,,,,#DIV/0!,,,,,,,Vrindavan,27.5806,77.7006
,,,,,,,,,,,,,,,,,,,#DIV/0!,,,,,,,Mandapeta,16.87,81.93
,,,,,,,,,,,,,,,,,,,#DIV/0!,,,,,,,Belampalli,19.0558,79.4931
,,,,,,,,,,,,,,,,,,,#DIV/0!,,,,,,,Bh?munipatnam,17.8864,83.4471
,,,,,,,,,,,,,,,,,,,#DIV/0!,,,,,,,Nandod,21.8704,73.5026
,,,,,,,,,,,,,,,,,,,#DIV/0!,,,,,,,Pithapuram,17.1167,82.2667
,,,,,,,,,,,,,,,,,,,#DIV/0!,,,,,,,Pungan?ru,13.3667,78.5833
,,,,,,,,,,,,,,,,,,,#DIV/0!,,,,,,,Putt?r,13.45,79.55
,,,,,,,,,,,,,,,,,,,#DIV/0!,,,,,,,Jalor,25.35,72.6167
,,,,,,,,,,,,,,,,,,,#DIV/0!,,,,,,,Palmaner,13.2,78.75
,,,,,,,,,,,,,,,,,,,#DIV/0!,,,,,,,Dholka,22.72,72.47
,,,,,,,,,,,,,,,,,,,#DIV/0!,,,,,,,Jaggayyapeta,16.892,80.0976
,,,,,,,,,,,,,,,,,,,#DIV/0!,,,,,,,Tuni,17.35,82.55
,,,,,,,,,,,,,,,,,,,#DIV/0!,,,,,,,Amalapuram,16.5833,82.0167
,,,,,,,,,,,,,,,,,,,#DIV/0!,,,,,,,Jagtial,18.8,78.93
,,,,,,,,,,,,,,,,,,,#DIV/0!,,,,,,,Vikarabad,17.33,77.9
,,,,,,,,,,,,,,,,,,,#DIV/0!,,,,,,,Venkatagiri,13.9667,79.5833
,,,,,,,,,,,,,,,,,,,#DIV/0!,,,,,,,Sihor,21.7,71.97
,,,,,,,,,,,,,,,,,,,#DIV/0!,,,,,,,Jangaon,17.72,79.18
,,,,,,,,,,,,,,,,,,,#DIV/0!,,,,,,,Mandamari,18.9822,79.4811
,,,,,,,,,,,,,,,,,,,#DIV/0!,,,,,,,Metpalli,18.8297,78.5878
,,,,,,,,,,,,,,,,,,,#DIV/0!,,,,,,,Repalle,16.02,80.85
,,,,,,,,,,,,,,,,,,,#DIV/0!,,,,,,,Bhainsa,19.1,77.9667
,,,,,,,,,,,,,,,,,,,#DIV/0!,,,,,,,Jasdan,22.03,71.2
,,,,,,,,,,,,,,,,,,,#DIV/0!,,,,,,,Jammalamadugu,14.85,78.38
,,,,,,,,,,,,,,,,,,,#DIV/0!,,,,,,,Rameswaram,9.28,79.3
,,,,,,,,,,,,,,,,,,,#DIV/0!,,,,,,,Addanki,15.811,79.9738
,,,,,,,,,,,,,,,,,,,#DIV/0!,,,,,,,Nidadavole,16.92,81.67
,,,,,,,,,,,,,,,,,,,#DIV/0!,,,,,,,Bodupal,17.4139,78.5783
,,,,,,,,,,,,,,,,,,,#DIV/0!,,,,,,,Rajg?r,25.03,85.42
,,,,,,,,,,,,,,,,,,,#DIV/0!,,,,,,,Rajaori,33.38,74.3
,,,,,,,,,,,,,,,,,,,#DIV/0!,,,,,,,Naini Tal,29.3919,79.4542
,,,,,,,,,,,,,,,,,,,#DIV/0!,,,,,,,Channarayapatna,12.9,76.39
,,,,,,,,,,,,,,,,,,,#DIV/0!,,,,,,,Maihar,24.27,80.75
,,,,,,,,,,,,,,,,,,,#DIV/0!,,,,,,,Panaji,15.48,73.83
,,,,,,,,,,,,,,,,,,,#DIV/0!,,,,,,,Junnar,19.2,73.88
,,,,,,,,,,,,,,,,,,,#DIV/0!,,,,,,,Amudalavalasa,18.4167,83.9
,,,,,,,,,,,,,,,,,,,#DIV/0!,,,,,,,Daman,20.417,72.85
,,,,,,,,,,,,,,,,,,,#DIV/0!,,,,,,,Kovv?r,17.0167,81.7333
,,,,,,,,,,,,,,,,,,,#DIV/0!,,,,,,,Solan,30.92,77.12
,,,,,,,,,,,,,,,,,,,#DIV/0!,,,,,,,Dwarka,22.2403,68.9686
,,,,,,,,,,,,,,,,,,,#DIV/0!,,,,,,,Pathanamthitta,9.2647,76.7872
,,,,,,,,,,,,,,,,,,,#DIV/0!,,,,,,,Kodaikanal,10.23,77.48
,,,,,,,,,,,,,,,,,,,#DIV/0!,,,,,,,Udhampur,32.93,75.13
,,,,,,,,,,,,,,,,,,,#DIV/0!,,,,,,,Giddal?r,15.3784,78.9265
,,,,,,,,,,,,,,,,,,,#DIV/0!,,,,,,,Yellandu,17.6,80.33
,,,,,,,,,,,,,,,,,,,#DIV/0!,,,,,,,Shr?rangapattana,12.4181,76.6947
,,,,,,,,,,,,,,,,,,,#DIV/0!,,,,,,,Angamali,10.196,76.386
,,,,,,,,,,,,,,,,,,,#DIV/0!,,,,,,,Umaria,23.5245,80.8365
,,,,,,,,,,,,,,,,,,,#DIV/0!,,,,,,,Fatehpur S?kri,27.0911,77.6611
,,,,,,,,,,,,,,,,,,,#DIV/0!,,,,,,,Mang?r,17.9373,80.8185
,,,,,,,,,,,,,,,,,,,#DIV/0!,,,,,,,Pedana,16.2667,81.1667
,,,,,,,,,,,,,,,,,,,#DIV/0!,,,,,,,Uran,18.89,72.95
,,,,,,,,,,,,,,,,,,,#DIV/0!,,,,,,,Chimakurti,15.5819,79.868
,,,,,,,,,,,,,,,,,,,#DIV/0!,,,,,,,Devarkonda,16.7,78.9333
,,,,,,,,,,,,,,,,,,,#DIV/0!,,,,,,,Bandipura,34.4225,74.6375
,,,,,,,,,,,,,,,,,,,#DIV/0!,,,,,,,Silvassa,20.2666,73.0166
,,,,,,,,,,,,,,,,,,,#DIV/0!,,,,,,,Pamidi,14.95,77.5833
,,,,,,,,,,,,,,,,,,,#DIV/0!,,,,,,,Narasannapeta,18.4151,84.0447
,,,,,,,,,,,,,,,,,,,#DIV/0!,,,,,,,Jaynagar-Majilpur,22.1772,88.4258
,,,,,,,,,,,,,,,,,,,#DIV/0!,,,,,,,Khed Brahma,24.0299,73.0463
,,,,,,,,,,,,,,,,,,,#DIV/0!,,,,,,,Khajuraho,24.85,79.9333
,,,,,,,,,,,,,,,,,,,#DIV/0!,,,,,,,Koilkuntla,15.2333,78.3167
,,,,,,,,,,,,,,,,,,,#DIV/0!,,,,,,,Diu,20.7197,70.9904
,,,,,,,,,,,,,,,,,,,#DIV/0!,,,,,,,Kulgam,33.64,75.02
,,,,,,,,,,,,,,,,,,,#DIV/0!,,,,,,,Gauripur,26.08,89.97
,,,,,,,,,,,,,,,,,,,#DIV/0!,,,,,,,Abu,24.5925,72.7083
,,,,,,,,,,,,,,,,,,,#DIV/0!,,,,,,,Curchorem,15.25,74.1
,,,,,,,,,,,,,,,,,,,#DIV/0!,,,,,,,Kavaratti,10.5626,72.6369
,,,,,,,,,,,,,,,,,,,#DIV/0!,,,,,,,Panchkula,30.6915,76.8537
,,,,,,,,,,,,,,,,,,,#DIV/0!,,,,,,,Kagaznagar,19.3316,79.4661
